,rat,day,dlc_first_start,dlc_first_end,dlc_second_start,dlc_second_end,dlc_diff,ss_first_start,ss_first_end,ss_second_start,ss_second_end,ss_diff,ts_first_start,ts_first_end,ts_second_start,ts_second_end,ts_diff
0,BP06,Day18,,,,,,,,,,,1258.8227,1361.4409666666666,20.559933333333333,4392.7842,-1340.881033333333
1,BP14,Day9,,,,,,42.251,595.038,41.635,1636.058,-553.403,26.23,595.026,16.201,1701.214,-578.8249999999999
2,BP14,Day11,,,,,,56.196,557.025,48.476,1174.56,-508.549,27.139,562.86,15.873,1227.717,-546.987
3,BP14,Day19,,,,,,49.69,127.73,68.408,2120.746,-59.322,25.936,127.793,16.174,2154.319,-111.619
4,BP11,Day46,,,,,,,,,,,,,,,
